transaction_id,order_id,invoice_id,transaction_date,amount,currency,customer_id,reference_id
TXN_1001,ORD_1001,INV_1001,2026-08-01,909.00,INR,CUST_754,pay_G1001
TXN_1002,ORD_1002,INV_1002,2026-08-01,4512.00,INR,CUST_859,pay_G1002
TXN_1003,ORD_1003,INV_1003,2026-08-01,12566.00,INR,CUST_328,pay_G1003
TXN_1004,ORD_1004,INV_1004,2026-08-01,12635.00,INR,CUST_204,pay_G1004
TXN_1005,ORD_1005,INV_1005,2026-08-01,10174.00,INR,CUST_658,pay_G1005
TXN_1006,ORD_1006,INV_1006,2026-08-01,988.00,INR,CUST_532,pay_G1006
TXN_1007,ORD_1007,INV_1007,2026-08-01,4311.00,INR,CUST_195,pay_G1007
TXN_1008,ORD_1008,INV_1008,2026-08-02,934.00,INR,CUST_617,pay_G1008
TXN_1009,ORD_1009,INV_1009,2026-08-02,12231.00,INR,CUST_674,pay_G1009
TXN_1010,ORD_1010,INV_1010,2026-08-02,9428.00,INR,CUST_765,pay_G1010
TXN_1011,ORD_1011,INV_1011,2026-08-02,7859.00,INR,CUST_529,pay_G1011
TXN_1012,ORD_1012,INV_1012,2026-08-02,13761.00,INR,CUST_703,pay_G1012
TXN_1013,ORD_1013,INV_1013,2026-08-02,12932.00,INR,CUST_990,pay_G1013
TXN_1014,ORD_1014,INV_1014,2026-08-02,11938.00,INR,CUST_925,pay_G1014
TXN_1015,ORD_1015,INV_1015,2026-08-02,5052.00,INR,CUST_532,pay_G1015
TXN_1016,ORD_1016,INV_1016,2026-08-02,13009.00,INR,CUST_259,pay_G1016
TXN_1017,ORD_1017,INV_1017,2026-08-02,2019.00,INR,CUST_444,pay_G1017
TXN_1018,ORD_1018,INV_1018,2026-08-02,6381.00,INR,CUST_489,pay_G1018
TXN_1019,ORD_1019,INV_1019,2026-08-02,10391.00,INR,CUST_967,pay_G1019
TXN_1020,ORD_1020,INV_1020,2026-08-03,12455.00,INR,CUST_370,pay_G1020
TXN_1021,ORD_1021,INV_1021,2026-08-03,2545.00,INR,CUST_570,pay_G1021
TXN_1022,ORD_1022,INV_1022,2026-08-03,9544.00,INR,CUST_487,pay_G1022
TXN_1023,ORD_1023,INV_1023,2026-08-03,10633.00,INR,CUST_400,pay_G1023
TXN_1024,ORD_1024,INV_1024,2026-08-03,9959.00,INR,CUST_982,pay_G1024
TXN_1025,ORD_1025,INV_1025,2026-08-03,1639.00,INR,CUST_296,pay_G1025
TXN_1026,ORD_1026,INV_1026,2026-08-03,4233.00,INR,CUST_146,pay_G1026
TXN_1027,ORD_1027,INV_1027,2026-08-03,1807.00,INR,CUST_891,pay_G1027
TXN_1028,ORD_1028,INV_1028,2026-08-03,14696.00,INR,CUST_975,pay_G1028
TXN_1029,ORD_1029,INV_1029,2026-08-03,5054.00,INR,CUST_203,pay_G1029
TXN_1030,ORD_1030,INV_1030,2026-08-03,14166.00,INR,CUST_564,pay_G1030
TXN_1031,ORD_1031,INV_1031,2026-08-03,6565.00,INR,CUST_473,pay_G1031
TXN_1032,ORD_1032,INV_1032,2026-08-04,11480.00,INR,CUST_463,pay_G1032
TXN_1033,ORD_1033,INV_1033,2026-08-04,11699.00,INR,CUST_373,pay_G1033
TXN_1034,ORD_1034,INV_1034,2026-08-04,10480.00,INR,CUST_763,pay_G1034
TXN_1035,ORD_1035,INV_1035,2026-08-04,9251.00,INR,CUST_750,pay_G1035
TXN_1036,ORD_1036,INV_1036,2026-08-04,3177.00,INR,CUST_846,pay_G1036
TXN_1037,ORD_1037,INV_1037,2026-08-04,4922.00,INR,CUST_573,pay_G1037
TXN_1038,ORD_1038,INV_1038,2026-08-04,9625.00,INR,CUST_755,pay_G1038
TXN_1039,ORD_1039,INV_1039,2026-08-04,5813.00,INR,CUST_324,pay_G1039
TXN_1040,ORD_1040,INV_1040,2026-08-04,13213.00,INR,CUST_963,pay_G1040
TXN_1041,ORD_1041,INV_1041,2026-08-04,13964.00,INR,CUST_157,pay_G1041
TXN_1042,ORD_1042,INV_1042,2026-08-04,7072.00,INR,CUST_132,pay_G1042
TXN_1043,ORD_1043,INV_1043,2026-08-04,3956.00,INR,CUST_374,pay_G1043
TXN_1044,ORD_1044,INV_1044,2026-08-05,5655.00,INR,CUST_680,pay_G1044
TXN_1045,ORD_1045,INV_1045,2026-08-05,8679.00,INR,CUST_317,pay_G1045
TXN_1046,ORD_1046,INV_1046,2026-08-05,8017.00,INR,CUST_505,pay_G1046
TXN_1047,ORD_1047,INV_1047,2026-08-05,2787.00,INR,CUST_246,pay_G1047
TXN_1048,ORD_1048,INV_1048,2026-08-05,9697.00,INR,CUST_352,pay_G1048
TXN_1049,ORD_1049,INV_1049,2026-08-05,12739.00,INR,CUST_651,pay_G1049
TXN_1050,ORD_1050,INV_1050,2026-08-05,10060.00,INR,CUST_698,pay_G1050
TXN_1051,ORD_1051,INV_1051,2026-08-05,4093.00,INR,CUST_508,pay_G1051
TXN_1052,ORD_1052,INV_1052,2026-08-05,8585.00,INR,CUST_241,pay_G1052
TXN_1053,ORD_1053,INV_1053,2026-08-05,1271.00,INR,CUST_193,pay_G1053
TXN_1054,ORD_1054,INV_1054,2026-08-05,3004.00,INR,CUST_981,pay_G1054
TXN_1055,ORD_1055,INV_1055,2026-08-05,13477.00,INR,CUST_742,pay_G1055
TXN_1056,ORD_1056,INV_1056,2026-08-06,10271.00,INR,CUST_796,pay_G1056
TXN_1057,ORD_1057,INV_1057,2026-08-06,6752.00,INR,CUST_165,pay_G1057
TXN_1058,ORD_1058,INV_1058,2026-08-06,9169.00,INR,CUST_710,pay_G1058
TXN_1059,ORD_1059,INV_1059,2026-08-06,14603.00,INR,CUST_357,pay_G1059
TXN_1060,ORD_1060,INV_1060,2026-08-06,12308.00,INR,CUST_111,pay_G1060
TXN_1061,ORD_1061,INV_1061,2026-08-06,14996.00,INR,CUST_217,pay_G1061
TXN_1062,ORD_1062,INV_1062,2026-08-06,4871.00,INR,CUST_649,pay_G1062
TXN_1063,ORD_1063,INV_1063,2026-08-06,6073.00,INR,CUST_887,pay_G1063
TXN_1064,ORD_1064,INV_1064,2026-08-06,7623.00,INR,CUST_214,pay_G1064
TXN_1065,ORD_1065,INV_1065,2026-08-06,553.00,INR,CUST_261,pay_G1065
TXN_1066,ORD_1066,INV_1066,2026-08-06,4815.00,INR,CUST_839,pay_G1066
TXN_1067,ORD_1067,INV_1067,2026-08-06,3427.00,INR,CUST_612,pay_G1067
TXN_1068,ORD_1068,INV_1068,2026-08-07,14762.00,INR,CUST_619,pay_G1068
TXN_1069,ORD_1069,INV_1069,2026-08-07,14289.00,INR,CUST_740,pay_G1069
TXN_1070,ORD_1070,INV_1070,2026-08-07,10477.00,INR,CUST_754,pay_G1070
TXN_1071,ORD_1071,INV_1071,2026-08-07,6626.00,INR,CUST_303,pay_G1071
TXN_1072,ORD_1072,INV_1072,2026-08-07,9337.00,INR,CUST_880,pay_G1072
TXN_1073,ORD_1073,INV_1073,2026-08-07,509.00,INR,CUST_897,pay_G1073
TXN_1074,ORD_1074,INV_1074,2026-08-07,8505.00,INR,CUST_713,pay_G1074
TXN_1075,ORD_1075,INV_1075,2026-08-07,6447.00,INR,CUST_119,pay_G1075
TXN_1076,ORD_1076,INV_1076,2026-08-07,4423.00,INR,CUST_999,pay_G1076
TXN_1077,ORD_1077,INV_1077,2026-08-07,14885.00,INR,CUST_159,pay_G1077
TXN_1078,ORD_1078,INV_1078,2026-08-07,1903.00,INR,CUST_680,pay_G1078
TXN_1079,ORD_1079,INV_1079,2026-08-07,13869.00,INR,CUST_849,pay_G1079
TXN_1080,ORD_1080,INV_1080,2026-08-08,9227.00,INR,CUST_170,pay_G1080
TXN_1081,ORD_1081,INV_1081,2026-08-08,2603.00,INR,CUST_884,pay_G1081
TXN_1082,ORD_1082,INV_1082,2026-08-08,9507.00,INR,CUST_775,pay_G1082
TXN_1087_D0,ORD_1087,INV_1087,2026-08-08,7037.00,INR,CUST_830,pay_G1087
TXN_1087_D1,ORD_1087,INV_1087,2026-08-08,7037.00,INR,CUST_830,pay_G1087
TXN_1088_D0,ORD_1088,INV_1088,2026-08-08,6618.00,INR,CUST_787,pay_G1088
TXN_1088_D1,ORD_1088,INV_1088,2026-08-08,6618.00,INR,CUST_787,pay_G1088
TXN_1089_D0,ORD_1089,INV_1089,2026-08-08,7897.00,INR,CUST_548,pay_G1089
TXN_1089_D1,ORD_1089,INV_1089,2026-08-08,7897.00,INR,CUST_548,pay_G1089
TXN_1090,ORD_1090,INV_1090,2026-08-08,4181.00,INR,CUST_223,pay_G1090
TXN_1091,ORD_1091,INV_1091,2026-08-08,844.00,INR,CUST_165,pay_G1091
TXN_1092,ORD_1092,INV_1092,2026-08-09,4270.00,INR,CUST_702,pay_G1092
TXN_1093,ORD_1093,INV_1093,2026-08-09,617.00,INR,CUST_702,pay_G1093
TXN_1094,ORD_1094,INV_1094,2026-08-09,10839.00,INR,CUST_172,pay_G1094
TXN_1095,ORD_1095,INV_1095,2026-08-09,1604.00,INR,CUST_160,pay_G1095
TXN_1096,ORD_1096,INV_1096,2026-08-09,1660.00,INR,CUST_132,pay_G1096
TXN_1097,ORD_1097,INV_1097,2026-08-09,5062.00,INR,CUST_626,pay_G1097
TXN_1098,ORD_1098,INV_1098,2026-08-09,4010.00,INR,CUST_785,pay_G1098
TXN_1099,ORD_1099,INV_1099,2026-08-09,12351.00,INR,CUST_652,pay_G1099
TXN_1100,ORD_1100,INV_1100,2026-08-09,8244.00,INR,CUST_684,pay_G1100
TXN_1101,ORD_1101,INV_1101,2026-08-09,8249.00,INR,CUST_348,pay_G1101
TXN_1102,ORD_1102,INV_1102,2026-08-09,3619.00,INR,CUST_926,pay_G1102
TXN_1103,ORD_1103,INV_1103,2026-08-09,11296.00,INR,CUST_196,pay_G1103
TXN_1104,ORD_1104,INV_1104,2026-08-10,7439.00,INR,CUST_541,pay_G1104
TXN_1105,ORD_1105,INV_1105,2026-08-10,14653.00,INR,CUST_520,pay_G1105
TXN_1106,ORD_1106,INV_1106,2026-08-10,11532.00,INR,CUST_846,pay_G1106
TXN_1107,ORD_1107,INV_1107,2026-08-10,7096.00,INR,CUST_200,pay_G1107
TXN_1108,ORD_1108,INV_1108,2026-08-10,4573.00,INR,CUST_919,pay_G1108
TXN_1109,ORD_1109,INV_1109,2026-08-10,2796.00,INR,CUST_649,pay_G1109
TXN_1110,ORD_1110,INV_1110,2026-08-10,4592.00,INR,CUST_385,pay_G1110
